﻿<?xml version="1.0" encoding="utf-8"?>
<Windows>	<!-- 安装目录 -->
	<VerticalLayout width="656">
		<VerticalLayout width="656" height="370" roundcorner="5,5" bkimage="file='gnlab\bk2.png'">
			<VerticalLayout height="90"/>
			<HorizontalLayout padding="24,0,0,0">
				<Label name="configpage_productname" width="230" font="2" textcolor="#ffffffff" valign="bottom"></Label>
				<Label name="configpage_version" font="0" textcolor="#ffffffff" valign="bottom"></Label>
			</HorizontalLayout>
			<VerticalLayout height="10"/>
			<RichEdit name="configpage_description" padding="24,0,0,0" font="5" textcolor="#cbe0fd" height="60" multiline="true" width="370" readonly="true"></RichEdit>
			<Button name="btnInstall" padding="12,0,0,0" width="188" height="72" normalimage="gnlab\button\btn-quick-install@2x.png" hotimage="gnlab\button\btn-quick-install-hover@2x.png" pushedimage="gnlab\button\btn-quick-install-pressed@2x.png"/>
			<Button name="btnInstallNow" padding="12,0,0,0" width="188" height="72" normalimage="gnlab\button\btn-install-now@2x.png" hotimage="gnlab\button\btn-install-now-hover@2x.png" pushedimage="gnlab\button\btn-install-now-pressed@2x.png" visible="false"/>
			<VerticalLayout>
			</VerticalLayout>
			<VerticalLayout height="80">
				<Control />
				<HorizontalLayout height="20" padding="14,25,0,0">
					<Label text="安装即表示你接受" font="7" width="96" textcolor="0xFF8bbfff" align="left"/>
					<Button name="btnAgreement" width="180" font="7" text="《用户许可协议》" textpadding="0,0,0,0" textcolor="0xFFFFFFFF" align="left" />
					<Control />
					<Button name="btnShowMore" width="76" height="17" normalimage="gnlab\button\btn-showmore@2x.png" hotimage="gnlab\button\btn-showmore-hover@2x.png" pushedimage="gnlab\button\btn-showmore-pressed@2x.png" />
					<Button visible="false" name="btnHideMore" width="76" height="17" normalimage="gnlab\button\btn-showmore@2x.png" hotimage="gnlab\button\btn-showmore-hover@2x.png" pushedimage="gnlab\button\btn-showmore-pressed@2x.png" />
					<Control width="16"/>
				</HorizontalLayout>
				<Control height="16" />
			</VerticalLayout>
		</VerticalLayout>
		<VerticalLayout name="moreconfiginfo" bkcolor="#FFFFFFFF" visible="false" height="103" inset="1,1,1,1" bordersize="1" bordercolor="0xFFCACACA">
			<Control height="4" />
			<Label font="5" textcolor="#FF333333" text="自定义安装目录：" padding="16,0,30,0" />
			<HorizontalLayout height="32" padding="16,6,0,0">
				<RichEdit name="editDir" text="" textcolor="0xFF000000" inset="5,8,2,2" bkimage="gnlab\edit\edit0.png" autohscroll="false" bordervisible="true" bordersize="1" bordercolor="0xFFD1D1D1" focusbordercolor="0xFFD1D1D1" wantreturn="false" wantctrlreturn="false" multiline="false" width="551" />
				<Control width="10" />
				<Button name="btnSelectDir" width="69" height="32" normalimage="gnlab\button\btn-browse@2x.png" hotimage="gnlab\button\btn-browse-hover@2x.png" pushedimage="gnlab\button\btn-browse-pressed@2x.png" />
			</HorizontalLayout>
			<HorizontalLayout height="23" padding="16,5,80,0">
				<Label font="0" name="configpage_diskusage" textcolor="#FF999999" width="150" />
				<Label font="0" name="local_space" width="150" textcolor="#FF999999" />
				<Control />
			</HorizontalLayout>
		</VerticalLayout>

		<Include source="licensepage.xml" />
		<HorizontalLayout float="true" pos="0,16,656,32">
			<Control width="16" />
			<Button width="14" height="16" normalimage="file='gnlab\logo@2x.png'" />
			<Control width="4" />
			<Label font="1" name="configpage_title" textcolor="#ffffffff" />
			<Container />
		</HorizontalLayout>
	</VerticalLayout>
</Windows>