﻿<?xml version="1.0" encoding="utf-8"?>
<Windows>
	<!-- 完成 -->
	<VerticalLayout width="656" height="370" roundcorner="5,5" bkimage="file='gnlab\bk.png'">
		<VerticalLayout width="656" height="370">
			<Control height="84" />
			<HorizontalLayout height="64">
				<Control />
				<Button width="64" height="64" align="center" normalimage="gnlab\finished@2x.png" />
				<Control />
			</HorizontalLayout>

			<Control height="8" />

			<Label text="安装成功" font="9" align="center" textcolor="#ffffffff" />
			<Control height="4" />
			<Label name="finishpage_description" font="5" align="center" textcolor="#FFEEF5FF" />

			<Control height="36" />
			<HorizontalLayout  height="72">
				<Control />
				<Button name="btnRun" width="188" height="72" align="center" normalimage="gnlab\button\btn-run@2x.png" hotimage="gnlab\button\btn-run-hover@2x.png" pushedimage="gnlab\button\btn-run-pressed@2x.png"/>
				<Control />
			</HorizontalLayout>
			<VerticalLayout>
			</VerticalLayout>
		</VerticalLayout>

		<HorizontalLayout float="true" pos="0,16,656,32">
			<Control width="16" />
			<Control width="4" />
			<Label font="1" name="finishpage_title" textcolor="#ffffffff" />
			<Container />
		</HorizontalLayout>
	</VerticalLayout>
</Windows>