﻿<?xml version="1.0" encoding="utf-8"?>
<Windows>
	<!-- 进度 -->
	<VerticalLayout width="656" height="370" roundcorner="5,5" bkimage="file='gnlab\bk.png'">
		<VerticalLayout>
			<Control height="102" />
			<Label font="9" textcolor="#ffffffff" text="安装中..." align="center"></Label>
			<Label font="5" name="installingpage_description" textcolor="#FFEEF5FF" align="center"></Label>
			<Control height="25" />
			<Slider name="slrProgress" padding="78,0,78,0" height="6" mouse="false" foreimage="gnlab\fg.png" bkimage="gnlab\bg.png" thumbsize="0,0" bkcolor="#FFD8D8D8"  />
			<Label font="0" name="progress_pos" width="60" padding="78,0,0,0" textalign="right"  textcolor="#ffffffff" />
			<Control height="54" />
			<HorizontalLayout>
				<Control width="182" />
				<VerticalLayout>
					<Control width="48" height="48" bkimage="file='gnlab\baidu-feature-1.png'"/>
					<Control height="8" />
					<Label name="installingpage_feature1" textcolor="#ccffffff" align="center"></Label>
				</VerticalLayout>

				<Control width="74" />

				<VerticalLayout>
					<Control width="48" height="48" bkimage="file='gnlab\baidu-feature-2.png'"/>
					<Control height="8" />
					<Label name="installingpage_feature2" textcolor="#ccffffff" align="center"></Label>
				</VerticalLayout>
				
				<Control width="74" />

				<VerticalLayout>
					<Control width="48" height="48" bkimage="file='gnlab\baidu-feature-3.png'"/>
					<Control height="8" />
					<Label name="installingpage_feature3" textcolor="#ccffffff" align="center"></Label>
				</VerticalLayout>
				<Control width="182" />
			</HorizontalLayout>
		</VerticalLayout>

		<HorizontalLayout float="true" pos="0,16,656,32">
			<Control width="16" />
			<Control width="4" />
			<Label font="1" name="installingpage_title" textcolor="#ffffffff" />
			<Container />
		</HorizontalLayout>
	</VerticalLayout >
</Windows>