﻿<?xml version="1.0" encoding="utf-8"?>
<Windows>
  <!-- 许可 -->
  <VerticalLayout visible="false" name="licenseshow" float="true" bkimage="file='license_bg.png' corner='12,12,12,12'">

    <Container height="10" />
    <Label name="licensename" text="《用户许可协议》" font="5" align="center" textcolor="0xFF000000"/>
    <Container height="4" />

    <RichEdit width="465" height="240" name="editLicense" autovscroll="true" vscrollbar="true" readonly="true" textcolor="0xFF000000" inset="12,12,2,12" bordersize="1" />

    <HorizontalLayout height="34">
      <Control />
      <Button name="btnAgree" width="69" height="32" normalimage="gnlab\button\btn-know@2x.png" hotimage="gnlab\button\btn-know-hover@2x.png" pushedimage="gnlab\button\btn-know-pressed@2x.png" />
      <Control />
    </HorizontalLayout>

  </VerticalLayout>
</Windows>