﻿<?xml version="1.0" encoding="utf-8"?>
<Windows>
	<!-- 进度 -->
	<VerticalLayout width="656" height="370" roundcorner="5,5" bkimage="file='gnlab\bk.png'">
		<VerticalLayout>
			<Control height="102" />
			<Label font="9" textcolor="#ffffffff" text="卸载中..." align="center"></Label>
			<Label font="5" name="uninstallingpage_description" textcolor="#cbe0fd" align="center"></Label>
			<Control height="25" />
			<Slider align="center" name="slrUnInstProgress" padding="78,0,78,0" height="6" mouse="false" foreimage="gnlab\fg.png" bkimage="gnlab\bg.png" thumbsize="0,0" bkcolor="#FFD8D8D8" />
			<Label font="0" padding="78,0,0,0" textcolor="#ffffffff" name="un_progress_pos"  align="left" />
			<Control height="54" />
			<HorizontalLayout>
				
			</HorizontalLayout>
		</VerticalLayout>

		<HorizontalLayout float="true" pos="0,16,656,32">
			<Control width="16" />
			<Control width="4" />
			<Label font="1" name="uninstallingpage_title" textcolor="#ffffffff" />
			<Container />
		</HorizontalLayout>
	</VerticalLayout >
</Windows>