﻿<?xml version="1.0" encoding="utf-8"?>
<Windows>
	<!-- 完成 -->
	<VerticalLayout width="656" height="370" roundcorner="5,5" bkimage="file='gnlab\bk.png'">
		<VerticalLayout height="110" />
		<VerticalLayout width="656" height="370">
			<Label font="9" align="center" name="uninstallfinishpage_finished_description" textcolor="#ffffffff" />
			<Label font="5" padding="0,7,0,0" align="center" textcolor="#cbe0fd" name="uninstallfinishpage_description" />
			<Control height="29" />
			<HorizontalLayout>
				<Control />
				<Button name="btnUninstalled" width="188" height="72" align="center" normalimage="gnlab\button\btn-finish@2x.png" hotimage="gnlab\button\btn-finish-hover@2x.png" pushedimage="gnlab\button\btn-finish-pressed@2x.png"/>
				<Control />
			</HorizontalLayout>
			</VerticalLayout>

		<HorizontalLayout float="true" pos="0,16,656,32">
			<Control width="16" />
			<Control width="4" />
			<Label font="1" name="uninstallfinishpage_title"  textcolor="#ffffffff" />
			<Container />
		</HorizontalLayout>
	</VerticalLayout>
</Windows>