﻿<?xml version="1.0" encoding="utf-8"?>
<Windows>	<!-- 安装目录 -->
	<VerticalLayout width="656">
		<VerticalLayout width="656" height="370" roundcorner="5,5" bkimage="file='gnlab\bk2.png'">
			<VerticalLayout height="90"/>
			<HorizontalLayout padding="24,0,0,0">
				<Label name="uninstallpage_productname" width="230" font="2" textcolor="#ffffffff" valign="bottom"></Label>
				<Label name="uninstallpage_version" font="0" textcolor="#ffffffff" valign="bottom"></Label>
			</HorizontalLayout>
			<VerticalLayout height="10"/>
			<RichEdit padding="24,0,0,0" font="5" textcolor="#FFEEF5FF" name="uninstallpage_description" multiline="true" width="360" readonly="true"></RichEdit>
			<Label padding="24,0,0,0" font="10" textcolor="#FFEEF5FF" text="www.gnlab.com" />
			<VerticalLayout height="32"/>
			<HorizontalLayout height="72">
				<Button name="btnClose" padding="10,0,0,0" width="188" height="72" normalimage="gnlab\button\btn-cancel@2x.png" hotimage="gnlab\button\btn-cancel-hover@2x.png" pushedimage="gnlab\button\btn-cancel-pressed@2x.png" />
				<Button name="btnUnInstall" padding="0,6,0,0" width="160" height="44" normalimage="gnlab\button\btn-uninstall@2x.png" hotimage="gnlab\button\btn-uninstall-hover@2x.png" pushedimage="gnlab\button\btn-uninstall-pressed@2x.png"/>
			</HorizontalLayout>
			<VerticalLayout>
			</VerticalLayout>
		</VerticalLayout>

		<HorizontalLayout float="true" pos="0,16,656,32">
			<Control width="16" />
			<Control width="4" />
			<Label font="1" name="uninstallpage_title" textcolor="#ffffffff" />
			<Container />
		</HorizontalLayout>
	</VerticalLayout>
</Windows>