<?xml version="1.0" encoding="utf-8"?>
<Windows>
	<!-- 进度 -->
	<VerticalLayout width="656" height="370" roundcorner="5,5" bkimage="file='gnlab\bk.png'">
		<VerticalLayout>
			<Control height="102" />
            <Label font="9" name="updatingpage_productname" textcolor="#ffffffff" align="center"></Label>
			<Label font="9" textcolor="#ffffffff" text="更新中..." align="center"></Label>
			<Label font="5" textcolor="#cbe0fd" text="请稍后，正在更新百度关键词工具，期间可能需要几分钟。" align="center"></Label>
			<Control height="25" />
			<Slider align="center" name="slrUpdatingProgress" padding="78,0,78,0" height="6" mouse="false" foreimage="gnlab\fg.png" bkimage="gnlab\bg.png" thumbsize="0,0" bkcolor="#FFD8D8D8" />
			<Label font="0" padding="78,0,0,0" textcolor="#ffffffff" name="updating_progress_pos" align="left"/>
			<Control height="54" />
			<HorizontalLayout>
			</HorizontalLayout>
		</VerticalLayout>

		<HorizontalLayout float="true" pos="0,16,656,32">
			<Control width="16" />
			<Control width="4" />
			<Label font="1" name="updatingpage_title"  textcolor="#ffffffff" />
			<Container />
		</HorizontalLayout>
	</VerticalLayout >
</Windows>